"employee_id","first_name","last_name","email","phone_number","date_of_birth","ssn","address","department","salary","password"
"879182","Tamara","Ramirez","brandiross@example.com","4887247851","1987-06-24","393-84-2984","Unit 7465 Box 5993, DPO AA 31031","Engineering","140395","WMR)uwCN6eWA"
"988915","Marco","Jackson","nicole15@example.net","947.368.8372x14780","1974-08-07","802-33-7778","0058 Travis Cove, North Marcstad, NM 86211","Engineering","36012","mVUOzl8%)6CH"
"499550","Matthew","Friedman","welchemily@example.net","(847)480-0958x63149","1966-04-10","427-17-2827","0639 Arnold Forest Apt. 337, Christown, LA 84098","Engineering","103710","2h!)BJCi*swB"
"559664","Michael","Diaz","banderson@example.com","912-887-9554","1966-09-28","474-64-1390","3858 Anna Walk Apt. 090, Clarkfort, KS 78339","Marketing","97927","6mFoEGc19$i7"
"561389","Sarah","Mcdaniel","lopezjason@example.org","(455)597-6602","2001-04-04","828-12-7672","587 Mary Prairie Apt. 655, Browntown, NV 13319","Finance","52343","P(WPPtO3JYU8"
"131981","Christopher","Dalton","ldavenport@example.com","(419)456-3599","2002-12-20","128-85-6314","249 Owens Fields Suite 348, North Christopherville, VT 79409","IT Support","76871","@l(gIndD&6Z&"
"882060","Evan","Perez","michaelrogers@example.com","(275)565-0742x322","1976-03-28","750-25-4194","USS Mercer, FPO AE 49864","Sales","145022","09WDO8m*#QVd"
"614693","John","Beltran","wileybrittany@example.net","859.704.9164","1988-12-14","692-56-0527","146 Davis Trace Suite 652, Pruittfort, OH 35964","IT Support","102557","3@3bIsg&I+^B"
"396166","Duane","Castro","claire67@example.org","650.390.7669x0504","1981-04-11","615-91-1868","5965 Ramos Square Suite 219, Port Gail, IL 99522","HR","149667","%D79Afxy5vIZ"
"408957","Joseph","Young","jenniferbrown@example.net","001-422-935-9799x9033","2003-02-03","854-71-9090","9400 Donald Causeway, East Joseph, MP 49559","Engineering","142766","a+N6k*prB)0S"
"789284","Pamela","Cunningham","elizabeth32@example.net","6312338820","2003-09-14","113-10-7818","Unit 9894 Box 2469, DPO AE 49575","Sales","144446","X3ZWBDyD+z6$"
"436286","Wendy","Taylor","jessica16@example.org","(758)766-2138x971","1960-05-21","613-79-5185","USCGC Weaver, FPO AP 46055","IT Support","110856","ah2Qf3cNQ^UF"
"306168","Cody","Collins","dannynewton@example.com","615-892-8430","1964-02-27","513-79-1593","2278 Jennifer Station, Ricehaven, WY 27463","Sales","36442","N4xJr2fPa14("
"663867","Robin","George","williamcarlson@example.org","001-478-645-3153x08491","1975-01-16","253-04-2097","USNS Harvey, FPO AA 01466","HR","74901","3d8&epqh**LN"
"165663","Shannon","Bennett","kylehammond@example.com","001-226-670-2162x8672","1965-07-19","234-96-7864","947 Caldwell Station, West Kimberlyport, NC 83181","Marketing","69157","&vMSizWZC9cE"
"649654","Logan","Williamson","adam68@example.net","(536)474-5960x44943","1996-12-23","772-70-4373","PSC 4399, Box 9162, APO AA 91751","Finance","119330","%zVm0ddC2jH&"
"610488","Robert","Walker","clarktraci@example.com","250-809-4489x20607","1988-05-04","208-07-0807","975 Parker Glens Suite 736, Fieldsfort, IN 28589","Engineering","114340","b1WU2c3N+mmu"
"574773","Jeffrey","Fowler","vrogers@example.com","+1-530-834-5003x735","1963-12-06","538-38-7962","493 Robert Forest, Jerryhaven, FL 40605","IT Support","127614","(o&uBwV6V0EA"
"31444","Megan","Jordan","deleonkevin@example.net","309-749-4006x32601","1966-02-27","459-22-4929","3003 Duncan Shore, New Bradley, SD 39924","IT Support","146027","$p3Qa50F#y6K"
"52901","Timothy","Cuevas","marshallashley@example.com","+1-415-393-7624x92670","1963-07-28","804-36-3749","3907 Hannah Drive Suite 824, Johnnyberg, TX 39549","IT Support","35934",")+^ihzntk0kU"
"757340","Andrea","Thomas","michaelanderson@example.com","348-779-0050x72129","1972-05-09","521-25-7657","66486 Anderson Estate Apt. 075, West Andrew, MI 58826","Finance","130666","^K4Aizcr402@"
"618384","Brian","Gonzalez","jennifer02@example.org","520-264-3821x3382","1985-08-27","642-49-9147","789 Brian Port Suite 718, Grossborough, IN 05194","Finance","60062","U!yRK$xOM95M"
"895","Daniel","Gordon","eperez@example.net","711.266.8621x88821","1986-09-12","281-87-3801","2313 Martin Expressway, Derekberg, HI 28644","Finance","146566","Kql@2LDgmIG0"
"567972","Richard","Thomas","joseph67@example.com","(260)571-7046x2635","1997-07-23","741-59-1467","290 Lee Grove, Johnsonfurt, KS 25462","IT Support","130314","UHs74Ocf)7Tc"
"125095","David","Reilly","jeffrey42@example.org","(491)713-5558","1984-10-18","632-54-0855","0806 Danielle Camp, South Andrea, ID 43991","Sales","118355","BT#GTaitf%C4"
"628621","Mark","Wallace","codymaldonado@example.org","728.964.4688x9790","1974-03-03","383-15-7137","Unit 2021 Box 9470, DPO AP 01384","Marketing","132430","w@5Cqq8s+xTW"
"706657","Colleen","Singh","fwall@example.net","(865)614-5385x8143","2004-10-12","595-07-2074","1756 Michelle Branch Suite 936, Stanleymouth, MH 85192","IT Support","94232","V9+Nr6YIKe1P"
"492107","Lisa","Stark","stephanie40@example.net","(503)588-2770x685","1990-11-07","211-15-5247","6359 Timothy Summit, East Kevin, GU 38193","Engineering","99226","X+plj&_)gI3E"
"912094","Raymond","Hernandez","alexander19@example.org","5068615522","2004-06-19","178-24-2613","866 Sullivan Pass Suite 950, South Melissa, MT 72726","Engineering","47109","g#0f#duygZTc"
"937851","Jonathan","Guerra","alanmartin@example.org","+1-661-238-1454x19156","1984-04-27","537-99-6420","240 Gonzalez Cliffs Suite 998, East Justinport, NV 38286","Engineering","40339","G3qSWWCl!36*"
"822640","Susan","Wilson","sotodaniel@example.org","001-867-468-2575x9178","1973-03-02","186-63-6937","817 Lopez Terrace, Port Timothy, TN 43471","Engineering","51144","^mPlYEGkvrr0"
"794579","Danielle","Parker","millerbrian@example.com","001-682-716-3422x0739","1986-03-21","219-02-0201","5951 Olson Villages Apt. 941, Matthewtown, MI 46642","Sales","53093","i6^5IhbUj8$8"
"282837","Thomas","Brewer","lisa53@example.org","6442067591","2004-04-14","085-46-5102","322 Hernandez Ways, Webbmouth, MD 77468","Finance","99259","r)SZV4mF1XSZ"
"364973","Lisa","Chen","patriciabarnes@example.com","(438)618-1640x103","1988-12-30","139-80-6700","055 William Drive, New Jeanneshire, AS 85658","IT Support","62225","Ih4hPCrH)9zG"
"920629","Bradley","Long","hendersongabriela@example.org","(269)632-9128","1997-09-19","523-55-3642","545 Shawna Street Suite 472, Lake Jonathanton, GA 25659","IT Support","49337","Erb1kEntN^aI"
"118439","Luis","Campos","amy52@example.org","001-417-603-7769x528","1987-03-03","660-77-6054","Unit 5798 Box 3867, DPO AP 46636","Engineering","100058","2*XA#1vJh!7N"
"145089","Brandon","Zavala","david97@example.com","2539169857","1967-04-27","350-38-4262","988 Emily Stravenue, Lake Allenbury, CA 45364","IT Support","142786","%5NEd+exwzns"
"584151","Timothy","Edwards","tpham@example.net","2496906853","2001-03-13","755-67-1839","06080 Kimberly Forge Suite 752, Shelleybury, NE 44348","Sales","89750","egdcNrrk*1C2"
"768616","Carolyn","Dean","lopezrobert@example.net","(560)575-2019x199","1977-06-16","014-51-4897","0436 Matthew Tunnel Suite 552, Danielfurt, NY 47413","Sales","127223","&Z35BQgX&099"
"283125","Chelsea","French","clarkcarlos@example.net","330.945.9746x3443","1973-02-25","498-80-8788","0393 Joseph Pines Suite 978, Skinnerland, NE 90660","IT Support","58370","z#R9U6RW^nXs"
"603964","Tracy","Williams","alexanderoconnor@example.net","(772)589-5409","1996-04-22","876-81-0714","549 Anthony Hills Apt. 338, New Billymouth, IL 71307","Sales","72746","(9NkuXEeMAIP"
"556801","Joseph","Henson","eric05@example.com","716.995.9403","1985-11-20","402-96-6636","9049 Sullivan Rest, West Suzanne, PR 29125","Finance","37834","@5Et37#NerPy"
"852485","Donna","Trevino","megantaylor@example.net","4742819450","1965-08-28","335-36-2799","92696 Andrews Junction, New Davidburgh, MP 14559","Sales","145079","BGFw6bNk+fP1"
"142125","Carol","Holt","ochung@example.org","+1-407-246-4568x059","1997-04-28","754-38-8033","097 Bender Neck, New Tracey, CT 38892","Marketing","38813","#lF7Km1U*)qe"
"323601","Joseph","Martinez","davidflores@example.net","(326)675-8580x98902","1972-12-27","180-71-5679","20595 Nancy Mountain, Justinmouth, TX 95315","Finance","39804","0(blBjWwUGf0"
"927161","Matthew","Robinson","paul97@example.com","764.545.8443","1968-04-27","628-32-6860","16565 Dylan Plains Apt. 728, Barronshire, NV 97355","Marketing","102980","mq4ofNk+c+7$"
"343368","Keith","Morales","michaelcruz@example.org","314.211.5588","2004-12-18","273-11-2143","044 Nelson Pike, Derekburgh, WY 89625","IT Support","66643","%32wLiOmsM_Q"
"285626","Kathleen","Clarke","wgoodwin@example.com","796.917.1315x0902","1981-07-27","676-36-2835","3356 Carrie Skyway, Marquezshire, IL 61168","Sales","147288","j%SaExsY!R4I"
"176478","James","White","wkelley@example.net","935-698-4157x971","1969-01-13","488-30-7230","528 Steven Unions, East Roy, ND 37536","IT Support","122477","_^o49JilM_b7"
"183020","Kelly","Davis","brandy87@example.com","429.551.0153","1979-02-28","774-42-5140","6720 Anderson Track Apt. 012, New Theresaside, HI 13545","Sales","145391","a3!^CUsN!sCv"
"523208","Lynn","Leonard","snyderronald@example.com","261.818.4842x5432","1982-09-03","641-33-2104","Unit 4849 Box 7558, DPO AA 57841","IT Support","81316","zSWa6Utn^O%Q"
"899471","Russell","Perry","ronaldrice@example.net","431-954-8125","1975-07-22","371-56-6530","4824 Rodriguez Corners, East Carl, ME 08569","Marketing","101677","#eGthG9pK2$c"
"647276","Mark","Nelson","umoore@example.net","844.512.7990x530","1985-04-29","347-07-1046","439 Matthew Circles Apt. 522, New Misty, GA 13245","Engineering","149752","*40_ID0Rp^Bg"
"404638","Zachary","Flynn","xhayes@example.net","001-420-346-2247","1979-03-18","419-38-3631","8426 Barton Mission, Xavierville, NC 27423","Marketing","136915","0mA8OHpA&7E^"
"742671","Jennifer","Ritter","johnsondanielle@example.com","953-660-8109x17797","1971-09-24","657-20-6157","USNS Fox, FPO AP 57582","IT Support","124223","^AX0NLzuaAaW"
"338752","Jennifer","Mcguire","erica75@example.net","822-817-6253","1977-03-15","404-04-8032","94550 Kyle Forest, Port Roger, CA 08583","Finance","94203","!CQ(P8J4u4p_"
"422782","Richard","Sanders","townsendcarol@example.org","+1-404-867-9568","1973-07-16","308-77-5422","997 Manuel Groves, Lake Jonathan, MN 99163","Marketing","94193","JG)&X9ZvsR9N"
"653786","Diana","Compton","danielle79@example.net","(952)950-2698x773","1996-05-03","154-69-5399","5226 Peter Parkway Apt. 686, New Timothyton, MO 90572","Sales","66707","30ZJc@)N!o6h"
"31672","Molly","Carter","christopherray@example.org","+1-843-607-1292x576","1976-07-22","808-23-7614","94079 Ian Course, South Annborough, NJ 73702","Marketing","48508","JW06L$&d*+JC"
"38229","Jerome","Kramer","randalladam@example.org","(372)539-7077","1961-09-08","342-71-9938","234 Tasha Square, Browningport, HI 58173","Sales","95024","@eVGBtLf54Im"
"465981","Chad","Miller","lopezmegan@example.org","(473)958-5456x7651","1995-05-20","549-69-7836","3535 Frazier Flats, North Robertmouth, WA 20363","Sales","82554","r3SsQ4^h*5s*"
"926413","Michele","Hall","briansmith@example.net","(517)416-3807","1975-03-07","107-79-6889","05638 Desiree Islands, West Michael, CT 74211","Finance","102542","CX@33I_eDE#6"
"814701","Cassandra","Hanna","richard90@example.org","001-349-282-7049x466","2000-03-28","574-42-8090","070 Brandon Overpass, New Paulmouth, VA 93405","HR","43878","@iST6aJ@2c9b"
"353029","Cassandra","Jones","christopherhernandez@example.com","(961)357-5264","2001-07-15","736-47-5943","0584 Burnett Mill Apt. 936, New Carolynmouth, NV 06599","HR","108013","lp8W6PePv0h!"
"95290","Rebecca","Fisher","cpham@example.net","672-242-2925x09199","1971-10-25","627-57-8340","USNS Baker, FPO AP 92116","IT Support","48072","NfU3OOVdo&o7"
"356823","Kevin","Cruz","salazarjorge@example.net","603-605-1360x5639","2005-01-12","365-41-1299","39786 Hendricks Circles, Kristenborough, MT 21949","Marketing","101722","hKDgMmApV7&0"
"469100","Steven","Moore","johnfisher@example.net","788.276.3395","1997-10-20","144-89-6408","9845 Carlson Spur Suite 586, Nelsonfort, NV 57884","Finance","83362","*slM%vD9O!8("
"851643","Jill","Garcia","pfuller@example.com","(746)632-5413","1977-06-16","709-82-4264","8041 Wells Wells, North Frank, WA 72731","Finance","87579","G33ly&pYxG!C"
"775729","Elizabeth","Johnson","matthewperkins@example.org","+1-704-493-2669x8343","1973-02-26","594-81-3997","8089 Denise Springs, Thompsonborough, MI 08698","Sales","136849","uc)1s3WiYagy"
"725133","Brandon","Miller","ronnie54@example.net","001-670-801-3436","1964-09-17","833-30-6389","903 Candice Plains, Wileyport, PA 78097","Engineering","95135","8vnXG6(Ryl3*"
"230433","Sherry","Lutz","valdezmelissa@example.com","(356)556-8836","1982-07-20","604-48-8956","USS Mccall, FPO AP 42772","Sales","109596","@1#lHq1xuoD4"
"960874","Brian","Fields","liustephanie@example.net","462-928-8404","1978-09-07","070-64-9598","612 Jacob Common Suite 867, Millerfort, MP 06293","Finance","114975","x2_%vNAu!7zV"
"306167","Alfred","Whitehead","edwardhernandez@example.org","+1-391-917-4635x973","1995-10-18","201-43-3102","3171 Adam Ranch, Ericfort, SD 66300","HR","142798","vEr#D%$i*_)7"
"319772","Garrett","Hester","tanner09@example.org","653-766-4630x530","1974-03-29","143-43-2579","87904 Mclaughlin Terrace, Melissastad, IL 86043","HR","51963","6&yWaXeU#dCN"
"885282","Janet","Strong","christophersmith@example.net","380.928.2614","1966-03-26","668-46-6622","798 Ellison Well, Gilbertmouth, MS 86451","Engineering","149982","F7R!q^FJ)fWr"
"476597","James","Collins","martinscott@example.com","862-525-0573x722","2004-07-26","817-17-7554","741 Hernandez Well Suite 490, Combsview, NV 90308","Finance","114495","_59eMqSd8@*r"
"585746","David","Smith","ronaldfletcher@example.org","741.677.3511x319","1997-03-20","171-99-5442","22538 Nicholson Union Apt. 783, New Anitaton, HI 38910","HR","63139","^X6WJcW&VCC("
"161502","Courtney","Dunn","rayrichard@example.com","+1-778-382-6581x2034","1962-05-07","249-44-5906","3400 Daniel Grove Suite 551, Fishermouth, WI 70571","HR","70488","X@4dBhGyCt9v"
"149490","Brian","Ford","lwhite@example.org","722-276-3776x11973","1984-07-14","076-64-5546","603 Stein Stravenue, Shelbyhaven, TN 36267","Marketing","113942","fj5#MpMjf$Gk"
"454466","Jorge","Duran","patrickvelasquez@example.com","687.819.3097x3180","1960-12-13","812-05-7092","54414 Palmer Pines Apt. 429, North Reneemouth, MT 26168","Marketing","51090","#khvkVrmS8u0"
"868504","Jessica","Mclean","jennifer90@example.org","7265513586","2005-10-20","420-45-0801","253 Scott Place, Johnsonville, CA 75838","HR","141382","YF4gN7EkH$(v"
"333811","Michael","Parrish","laurarivera@example.com","001-386-493-3665x640","2005-02-08","274-30-6658","54352 Mitchell Plaza, Mccoyside, FL 30213","Engineering","88822","tD^UHokMN&4J"
"264107","Jennifer","Velazquez","fhood@example.org","(503)756-2975x676","1964-10-15","491-55-2374","59805 Anna Parks, East Henryberg, NV 80697","IT Support","35102","72!GeAR*_$+1"
"891965","Paul","Le","uwade@example.net","(801)781-3963","1981-12-04","105-52-4703","12296 Cordova Manors Apt. 405, Richardshaven, IN 78883","Sales","132304","5TQBBkkZK%06"
"21185","Thomas","Carlson","kellywilliam@example.org","+1-555-789-9973","1984-03-22","614-58-3323","750 Anna Estate, Nelsonmouth, AL 20410","Engineering","98813","7Hl%2Kfywf8Q"
"49588","Shane","Murphy","timothynelson@example.org","+1-924-970-8851x31183","2005-03-09","575-25-5373","317 Gomez Stream Suite 569, New Christina, CO 36030","IT Support","53278","T+H2EHaq$Mfk"
"176412","Troy","Yang","vgates@example.com","625-717-4765x3484","1995-07-15","820-16-3722","USNV French, FPO AE 79793","Marketing","49277","m&(U0NHq!c94"
"961004","Kathleen","Johnson","gina80@example.net","296.921.4353","1972-04-21","559-14-3385","55527 Cole Cliff Suite 324, Clarkside, KS 37798","Finance","133471","UiRUGcGe^Z19"
"3853","Joseph","Howell","barbara81@example.org","829.236.6521x366","1996-02-16","488-12-2885","PSC 8915, Box 4232, APO AA 68976","IT Support","61300","i9sI+bHj)6Gn"
"825966","Amanda","Daniels","jackie05@example.net","356-702-9326","1987-08-02","020-82-4418","434 Tapia Club Apt. 281, Lake Michaelfort, MI 75290","Finance","128807","$ORrZpuOzu1S"
"801586","Jack","King","rjohnson@example.com","465-469-1636x997","1989-06-15","736-16-5875","5512 Black Port, North Bobby, MA 96163","Engineering","118805","9OE3Ky^cH)I8"
"311419","John","Mejia","jasondickson@example.net","(680)294-8537x398","1970-01-03","388-50-6933","413 Sonia Park, East Samuelberg, SC 79883","Finance","84442","+9XE@8ZpleNc"
"944315","Nathan","Pineda","mhall@example.net","(749)273-6912x75371","1976-03-03","459-22-9904","122 Brown Ferry Suite 957, Jamesbury, HI 51175","IT Support","87041","Q)d^BllYkZ5C"
"304214","Stacy","Vazquez","amyelliott@example.com","001-881-598-8924x09742","1997-06-28","751-97-9907","91773 Elizabeth Coves, West Ryanport, UT 37015","HR","94423","vGvWp@oC@6Dv"
"634942","Brandon","Young","desireewalter@example.org","001-629-410-0132x6065","1989-02-15","435-87-2707","165 Sheila Highway, Simpsonberg, CO 67154","Finance","66521","Mxo0D6hi8!t5"
"710000","Frank","Bell","christinaharris@example.org","(918)694-8983","1982-08-04","389-10-7351","679 Joshua Manors Apt. 559, Katelynberg, IA 71110","HR","55963","e+gVMMoTxb0U"
"14634","Steven","Johnson","uwhite@example.net","001-500-776-2271x467","1970-12-15","849-78-0863","35124 Scott Oval, New Jennifer, AK 09667","Engineering","125187","(*@X8aNf$YJA"
"529222","Michael","Scott","lewiskyle@example.com","8182302632","1988-10-28","141-29-8018","7963 Sharon Underpass Suite 259, New Jacquelinetown, MN 89048","HR","142829","e9oH4NpU%TCC"
"28925","Cristina","Stout","jackgross@example.org","4987521465","1985-11-24","647-99-2654","5018 Steven Heights Apt. 416, Allenfort, NJ 47779","Engineering","87416","#(2gjK^9Jtp0"
"503067","Sandy","Salazar","fitzgeraldstephen@example.com","294-294-4051","1967-12-10","758-16-3613","072 Kristi Brooks, South Karen, HI 47911","IT Support","149170","*(RCvoQJcj0D"
"70984","Heidi","Tate","qgreen@example.net","245-956-8735x55885","1992-09-14","553-40-1485","55409 Kirby Island, Bradleymouth, PW 82143","HR","121641","4qqGvmq$)(U5"
"154436","Ryan","Saunders","thomaslee@example.net","759.298.1497","1988-03-30","133-38-3065","0619 Melissa Fork Apt. 900, Lake Seanville, GA 05791","Marketing","101680","KvGJgKN4Z@e9"
"657755","Joseph","Munoz","annawalton@example.org","461.459.5706","1990-07-28","374-15-5640","75243 Henry Mount, Lake John, ME 36505","IT Support","56648","F+I&Y0vPly92"
"790874","Larry","Phillips","lunagina@example.org","+1-487-827-2963x485","1966-05-03","175-19-7995","664 Martinez Grove Suite 815, Port Adamborough, NY 75045","Marketing","123691","bzK0zDbn4i+q"
"983812","Monique","Jimenez","nsmith@example.net","+1-404-943-9665","1989-12-24","696-40-7702","0170 Debra Road Suite 837, North Ashley, MD 30852","Sales","66692","!1%t4Tp8$8Eb"
"748292","Kenneth","Walker","susanjones@example.com","3862424782","1970-03-21","656-27-1039","50788 Mary Extension, Krystalshire, WY 83166","HR","41879","k671Nh(%)J_U"
"268372","Kristi","Sherman","ugeorge@example.org","295.279.3346x929","1994-12-22","649-75-6433","5870 Bill Park Apt. 197, West Darrylburgh, AK 95684","Finance","140522","yzRhfNYUx)8m"
"438785","Felicia","Thornton","mollyadkins@example.com","212.470.9181","1969-08-19","222-18-0790","6709 Kristi Passage, New Melissashire, MH 99342","Sales","53130","3hYK669d$aCK"
"813650","Amanda","Morales","jlynch@example.org","888.847.2380","1961-08-17","535-39-3249","22187 Lauren Course, Jenniferberg, NM 06847","Finance","64686","(vqzoYt2CR7A"
"980779","Nicholas","Rodriguez","willie56@example.org","(849)225-1369","2002-11-01","848-87-6030","436 Wilson Plains, South Joannashire, HI 03159","IT Support","98033","n0*P8Mg!+GgQ"
"464590","Ronald","Peterson","rickyestrada@example.org","917.679.6244","1968-03-22","727-47-0529","13867 Megan Mountain, Barbaraborough, NV 97014","HR","95014","+KBVxfBcd95*"
"149879","Regina","Wilson","kharris@example.org","(638)876-6778x767","1969-04-25","451-61-6498","080 Patricia Mission, New Brianna, IA 84220","Finance","46777","Z(7XxolVX%rF"
"736977","Jacqueline","Alexander","angelaharris@example.net","492.675.3233","1961-07-19","268-06-9513","367 Renee Shores Apt. 407, Steelechester, MP 38478","Engineering","136073","&1lcojhq#tRS"
"820528","Angela","Pierce","maria89@example.net","(476)796-0658x698","1973-07-20","460-58-0356","49565 Edward Dam, Maryberg, OK 29792","Sales","66579","2Pw)rkhP%F9A"
"700082","Daniel","Simon","vsmith@example.com","357-716-3904","1995-11-22","864-58-9987","8328 Branch Hollow Apt. 126, Lake Stevenfort, AS 37308","Marketing","56397","H25c*sGz^dGD"
"299144","Alexis","Pratt","william08@example.com","001-712-761-9804x8232","1989-03-04","352-64-6079","47798 Hurley Walks, Lake Deborahburgh, PW 78049","Finance","94576","XuA&DzIw0rcB"
"563841","Sarah","Stark","virginia37@example.org","(667)813-4008x65150","1982-12-16","702-37-4054","414 Hill Manor, Catherineberg, WV 39870","Finance","100215","l5Mh3Pe#V+ze"
"778799","Kellie","Thomas","wmiller@example.org","252.886.6172x0808","1974-04-11","453-01-7956","Unit 0640 Box 8380, DPO AP 89467","HR","140403","4F4Rbq2_2$25"
"91385","John","Smith","lindsaystevenson@example.com","001-724-873-9351x770","1981-06-01","333-02-4183","806 Flores Rest, Andersonview, TX 49592","IT Support","138406","8i^M*Xef%HW("
"541528","Jack","Greene","dayamy@example.net","536-546-8814x46054","1990-02-15","804-30-1339","13386 Harold Springs, Jamesburgh, MA 93543","Engineering","116625","^A#VIuwBt!Z0"
"935719","Javier","Jones","owalsh@example.com","(761)732-1083x8571","1979-07-18","560-10-8236","7519 Sutton Burg, Rachelfort, WI 50076","Finance","72907","%jzHj1J1(K6I"
"784896","Sandra","Cline","anthony98@example.com","001-872-971-1980x4523","1970-01-23","570-88-9915","556 Odom Lake Apt. 394, Carlostown, SC 80755","Marketing","112644","+!2wYt*&*26)"
"147435","Victor","Scott","hannahdavis@example.com","001-593-528-9939x0525","1980-08-09","498-03-6221","142 Alexander Ridges, Port Stephanie, FM 36732","Engineering","35756","Hj3yY3G(X(ED"
"225134","Curtis","Mullins","nbarrett@example.com","+1-230-534-2148x82461","1970-04-04","464-17-3976","USNS Walker, FPO AE 79084","HR","140548","z#6mczrf3ZSt"
"765032","Michael","Martinez","tamarahill@example.net","+1-388-245-1631","1991-07-17","648-37-6935","4569 Colton Groves Suite 257, Smithhaven, DC 81411","Engineering","120230","!!UQqDhgHue6"
"619238","Curtis","Gutierrez","youngsarah@example.org","001-953-951-3900x800","1998-01-14","142-58-7212","1289 Martinez Cliff, West Kaitlyn, IN 26214","Finance","43761","$H447)aXz+gN"
"380928","Ashley","Johnson","gbenjamin@example.org","722-816-8509x7742","1969-12-03","372-20-2072","456 Lori Creek, Lake Bradley, VA 56713","HR","124744","@b0tKdrpT06R"
"513894","Jennifer","Davis","brooke35@example.com","001-288-872-8239x919","1987-08-30","465-38-0094","470 Bridget Glen Apt. 228, Lake Richardside, MI 06680","Finance","101813","&9PT)ADhvAE#"
"450127","Kevin","Williamson","jessica07@example.org","(458)910-3781","1968-03-08","788-56-4473","836 Arthur Stream, Richardfort, VT 42921","IT Support","93891","rbdzDzP$cl&8"
"932910","Christopher","Vazquez","igibson@example.org","+1-422-460-5415x4806","1987-05-19","714-11-1361","9549 Katrina River, Penashire, MI 72779","Sales","126485","()r97G3o&B05"
"137847","Joshua","Adams","isimmons@example.org","450.544.0380","1998-12-11","136-19-2717","604 Troy Parks Suite 115, Browntown, NV 05353","IT Support","64578","8a3O7iPc)q6F"
"246851","Jeremy","Conner","bobby27@example.com","735.277.7733x7724","1975-03-07","019-40-6076","5932 Lewis Viaduct, West Leslie, MP 67116","Finance","138143","(@US*$lh*b4@"
"689702","Renee","Moore","sydney52@example.net","001-209-346-9192x9876","1972-07-16","392-91-0876","5206 Kevin Landing Suite 595, New Samantha, MN 27767","Sales","98134","Dufi!E^R(0Up"
"784493","Alex","Dean","jacobsontara@example.com","848-500-1913x39202","2000-04-29","178-39-2694","887 Laura Mountains Suite 526, East Kristenmouth, FL 56235","HR","135694","6bBA0A9hr&5Q"
"634831","Angela","Tucker","qdavis@example.org","355.301.9179x639","1978-12-09","412-28-6354","077 Kelly Crescent, Lisachester, MH 10116","Finance","142417","ok9@usjp#wL+"
"798572","Alice","Kelly","kelly75@example.org","001-648-453-3405x3355","1987-10-04","004-77-1173","PSC 1554, Box 4198, APO AE 56800","Finance","100872",")qh8+Q0nK#Ad"
"720601","Jeremy","Meyers","austinbaker@example.org","001-709-244-6966x029","1995-12-06","062-97-7724","Unit 1214 Box 5019, DPO AP 06248","Sales","45856","&9N*52Krc9UH"
"598135","Laura","Torres","meganstone@example.net","(283)253-3266","1982-05-21","664-18-6759","323 Brewer Run Suite 930, West Joshua, SD 22936","Sales","106321","x@CWO0Zw^8jL"
"445171","Rebecca","Davis","patricia09@example.com","001-366-874-5421x782","1982-05-30","616-92-5158","50376 Cindy Rapids, East Kayla, NC 40772","HR","101003","3nE)vjWzsK4K"
"923234","Christopher","Snyder","valeriebrown@example.net","545.555.4857x1745","1991-08-09","561-24-6235","699 Lee Knolls Suite 218, Port Katherineview, AR 84329","Sales","55324","JjOs9K#_@9Ka"
"50355","Nathan","Murray","xlivingston@example.org","433.744.6134x77955","1983-12-25","281-62-7218","7373 Cole Vista Apt. 754, Port Barry, NC 99893","HR","134141","YQn5Qn+P*l0y"
"587361","William","Frank","irussell@example.org","694.255.6992","1969-06-30","464-27-2060","93201 Quinn Hill Suite 544, West Noahchester, IA 46382","Sales","80587","@^sTN9lp_2s@"
"683740","Kenneth","Morrison","leebeth@example.org","+1-592-441-9491x8920","2004-08-07","290-50-5925","92096 Sonya Forge, New Nancyport, GA 74296","Marketing","104162","bC0N8aVh(6*l"
"821064","Tammy","Petty","pphillips@example.org","(745)712-1095","1970-09-06","575-53-8630","9149 Stephenson Cliff, Hayesville, MO 16589","Finance","77664","*!gBNUr+!(5W"
"82211","Kevin","Torres","kfreeman@example.net","(209)595-1187x2914","1997-12-26","237-94-7119","7086 Baker Grove, East Robert, NM 84561","Sales","71039","PDw#oNToc@51"
"995707","Amy","Russell","rodriguezthomas@example.net","(266)723-3314","1976-07-24","658-93-6495","349 Jamie Run Apt. 773, East Thomasfurt, CO 84138","Finance","51605","%^0mtGp%vj2w"
"733120","Kimberly","Cox","brenda88@example.org","623.659.4795x95514","1970-01-27","803-86-1534","356 Christopher Square, East Kennethside, MI 22180","Finance","117408","gTpY8K9Z$7Oz"
"171191","Travis","Edwards","timothy07@example.net","580.746.2774x37811","1984-01-22","678-13-2032","2847 Reid Haven, South Graceport, MD 81133","IT Support","72521","7$K!7_bB$ASH"
"359276","Gabriel","Payne","stephanietorres@example.net","001-941-319-0330x7683","1967-03-05","469-94-4646","9392 Fox Mill, South Anneburgh, IL 03948","Engineering","128073","*l+@Rqr(e%3e"
"419598","Daniel","Peterson","ronaldruiz@example.net","001-414-393-9394x6794","1965-06-24","393-46-0915","8961 Larry Summit, Lake Brittanytown, NH 57092","HR","133491",")6IT3iy(0kyp"
